coreid,identifiedBy,identifiedByID,dateIdentified,identificationQualifier,scientificName,tidInterpreted,scientificNameAuthorship,genus,specificEpithet,taxonRank,infraspecificEpithet,identificationReferences,identificationRemarks,recordId,modified
646906,"V. Demoulin",,1971,,"Lycoperdon umbrinum",,Pers.,,,,,,"The two biggest specimens, the three other belong to L. molle Pers. In a loose sense the represent a California form hard to separate from L. umbrinum.",urn:uuid:20b8bd44-b504-4898-a504-b9673040cdaf,"2012-12-08 17:06:07"
646908,"V. Demoulin",,1971,,"Lycoperdon ericaeum",,Bonord.,,,,,,"In a broad sense I sometimes call this var. subareolatum Kreisel; L. muscorum Morg. is synonymous but if this variant deserves a specific {?} would be a good the good name",urn:uuid:623131bb-c01d-4e40-9028-791a273da1ac,"2012-12-08 17:46:24"
646908,"assumed to be collector",,"assumed to be collection date",,"Lycoperdon pyriforme",,Willd.,,,,,,,urn:uuid:18053fd2-a0ff-4167-94cf-37ab7acd29fe,"2012-12-08 17:46:24"
646909,"V. Demoulin",,1971,sp.,Lycoperdon,,,,,,,,"Lycoperdon sp. my undescribed species {?} (stirps molle)",urn:uuid:29b1aa93-2f10-44c6-a548-493f45863c3c,"2012-12-08 18:05:27"
646909,"assumed to be collector",,"assumed to be collection date",,"Lycoperdon polymorphum",,Vittad.,,,,,,,urn:uuid:aa1cd3a8-483b-4eca-9a18-8c9b9185dcc9,"2012-12-08 18:05:27"
646909,"V. Demoulin",,unknown,,"Lycoperdon lambinonii",,Demoulin,,,,,,"Corrected to L. lambinonii Demoulin on the labeled (assumed after communication with Demoulin).",urn:uuid:0fb15139-f4ff-4778-b43d-90772243e536,"2012-12-08 18:06:54"
666991,Vellinga,,"Aug 2014",,"Boletus regineus",,"Arora & Simonini",,,,,,"for the west coast species formerly called B. aereus",urn:uuid:ee0f8f6c-257b-4384-94f8-172639b8fcd1,"2014-08-28 13:04:17"
666991,unknown,,unknown,,"Boletus aereus",,Bull.,,,,,,,urn:uuid:bdc61b95-4f83-4149-995d-9ef1ac05827b,"2014-08-28 13:04:17"
666987,Vellinga,,"Aug 2014",,"Boletus regineus",,"Arora & Simonini",,,,,,"replaces the name B. aereus for west coast specimens",urn:uuid:ae4d61bc-6f4a-4b22-a63c-2610a5b45f69,"2014-08-28 13:08:07"
666987,unknown,,unknown,,"Boletus aereus",,Bull.,,,,,,,urn:uuid:293044e9-502b-43ba-bb9d-bae0c375d124,"2014-08-28 13:08:07"
666967,Vellinga,,"Aug 2014",,"Boletus regineus",,"Arora & Simonini",,,,,,"name replaces B. aereus for western North American specimens",urn:uuid:27c3f77c-4e00-41be-9a10-b19b8504da25,"2014-08-28 13:12:23"
666967,Sweringen,,unknown,,"Boletus aereus",,Bull.,,,,,,,urn:uuid:a017ac94-cdf0-4b11-8ca5-87e6cd8a49fc,"2014-08-28 13:12:23"
666964,Vellinga,,"Aug 2014",,"Boletus regineus",,"Arora & Simonini",,,,,,"replaces the name B. aereus for west coast specimens",urn:uuid:be804b0e-2461-4ab1-a553-bb0443926392,"2014-08-28 13:13:21"
666964,unknown,,unknown,,"Boletus aereus",,Bull.,,,,,,,urn:uuid:f74075b1-4d04-4664-82d1-aa5840b2a8e3,"2014-08-28 13:13:21"
666963,Vellinga,,"Aug 2014",,"Boletus regineus",,"Arora & Simonini",,,,,,"Replaces the name B. aereus for west coast specimens",urn:uuid:53511da6-44e0-4899-b531-b6588f139ef9,"2014-08-28 13:14:20"
666963,unknown,,unknown,,"Boletus aereus",,Bull.,,,,,,,urn:uuid:6bcde923-e3c8-4b1f-80ec-ab5c69a09e33,"2014-08-28 13:14:20"
2311972,"H. D. Thiers",,unknown,,"Mycena lilacifolia",,"(Peck) A.H. Sm.",,,,,,,urn:uuid:4f291572-8430-4753-885a-7251e435314c,"2014-09-03 13:39:06"
1993445,"D. Arora",,2000-08-00,,"Phlebopus lignicola",,"(Kallenb.) M.M. Moser",,,,,,,urn:uuid:e73622d1-534f-4c23-bf0c-52481ebe14d0,"2014-09-16 13:22:01"
1993442,"D. Arora",,2000-08-00,,"Phlebopus hemichrysus",,,,,,,,,urn:uuid:8aa2fd7d-bcb9-49cb-9296-7d00c5eb6761,"2014-09-16 13:37:03"
2318619,"A. S. Methven",,1990-12-15,,"Lactarius alnicola var. alnicola",,"A.H. Sm.",,,,,,,urn:uuid:6939f5a2-c562-426d-b987-bdb0e19ac282,"2014-09-16 16:36:18"
2318619,unknown,,unknown,,"Lactarius psammicola",,"A.H. Sm.",,,,,,,urn:uuid:57d0b299-7099-45cc-8587-365a8faeeeba,"2014-09-16 16:36:18"
602415,"J. L. Frank",,2013,,"Butyriboletus persolidus",,,,,,,,,urn:uuid:52ea4a37-252a-4b2a-99f4-fceda563bc0a,"2014-09-29 12:28:41"
1451089,unknown,,unknown,,"Boletus regius",,Krombh.,,,,,,,urn:uuid:1bfa9ffe-b439-4d56-a1ec-e3f4a4fba63d,"2014-09-29 13:36:38"
1451087,"J. L. Frank",,2012,,"Butyriboletus autumniregius",,,,,,,,,urn:uuid:fc123eb3-e528-4544-9b06-fc7c00968113,"2014-09-29 13:55:42"
602444,"J. L. Frank",,2012,,"Butyriboletus persolidus",,"D. Arora & J.L. Frank",,,,,,,urn:uuid:d95fb161-c22d-4907-b7fb-4daf9fe1ef1c,"2014-09-29 13:59:34"
1451092,"J. L. Frank",,2012,,"Butyriboletus primiregius",,,,,,,,,urn:uuid:4c258b15-cdeb-473a-a7f2-8f64f8cf8099,"2014-09-29 14:04:19"
602411,"J. L. Frank",,2012,,"Butyriboletus primiregius",,,,,,,,,urn:uuid:5b735fac-2274-49a2-bae3-6b3c4f0b14e7,"2014-09-29 14:08:00"
600582,"J. L. Frank",,2012,,"Butyriboletus primiregius",,,,,,,,,urn:uuid:53bf5f6b-ca40-4837-b910-ab474b470e27,"2014-09-29 14:08:43"
605162,"M.E. Smith",,"May 2012",,"Lepiota viridigleba",,,,,,,"Mycol. Prog. 12, 151-155 (2013)",,urn:uuid:59e54425-b760-42af-a796-fe3d08f51123,"2014-09-29 15:56:56"
2266921,"R. H. Petersen",,2/9/98,,"Gomphus bonarii",,"(Morse) Singer",,,,,,,urn:uuid:0f59c899-2c50-4d41-8371-30ecc826e830,"2014-10-16 17:41:33"
2266802,"A. J. Giachini",,"July, 2003",,"Turbinellus floccosus",,"(Schwein.) anon.",,,,,,,urn:uuid:096d2f78-7996-4bc0-8833-caf0b3cd84a8,"2014-10-16 18:33:50"
2266787,"A. J. Giachini",,"July 2003",,"Turbinellus floccosus",,"(Schwein.) anon.",,,,,,,urn:uuid:22e5fd4c-09c1-4a47-b22e-14f601c74a48,"2014-10-16 18:38:30"
2382482,"R. Keller",,1969,,"Lactarius subdulcis",,"(Pers.) Gray",,,,,,,urn:uuid:316e1ca3-79b7-4fd6-bfbc-522f72f18966,"2014-10-21 14:11:13"
2385213,"Van De Putte",,2010,,"Lactarius acicularis",,"Van De Putte & Verbeken",,,,,"Van De Putte et al., 2010. Lactarius volemus sensu lato (Russulales) from northern Thailand: morphological and phylogenetic species concepts explored. Fungal Diversity 45: 99–130",,urn:uuid:3d35c702-fa59-46f3-a7d2-703493c83572,"2014-10-28 15:10:29"
2385213,unknown,,unknown,,"Lactarius volemus",,,,,,,,,urn:uuid:dca2dd4e-31bd-489e-89ef-36ddd6bb48e9,"2014-10-28 15:10:29"
2384565,"Van De Putte et al.",,2010,,"Lactarius crocatus",,"Van De Putte & Verbeken",,,,,"Van De Putte et al., 2010. Lactarius volemus sensu lato (Russulales) from northern Thailand: morphological and phylogenetic species concepts explored. Fungal Diversity 45: 99–130",,urn:uuid:57d7c3cf-50c6-4c3d-812d-3d9bc1a6db69,"2014-10-28 16:52:09"
2384565,unknown,,unknown,aff.,"Lactarius volemus",,,,,,,,,urn:uuid:ce684605-be07-4b9d-b5ed-165e9efde0a9,"2014-10-28 16:52:09"
2385073,"Van De Putte et al.",,2010,,"Lactarius vitellinus",,"Van De Putte & Verbeken",,,,,"Van De Putte et al., 2010. Lactarius volemus sensu lato (Russulales) from northern Thailand: morphological and phylogenetic species concepts explored. Fungal Diversity 45: 99–130",,urn:uuid:5ef87bc4-2efc-47e2-b39c-fb3a04c59e75,"2014-10-28 16:56:37"
2385073,unknown,,unknown,,"Lactarius volemus",,,,,,,,,urn:uuid:d3223827-5cd8-4bee-9c65-ef8adcab8d51,"2014-10-28 16:56:37"
2385200,"Van De Putte et al.",,2010,,"Lactarius crocatus",,"Van De Putte & Verbeken",,,,,"Van De Putte et al., 2010. Lactarius volemus sensu lato (Russulales) from northern Thailand: morphological and phylogenetic species concepts explored. Fungal Diversity 45: 99–130",,urn:uuid:fdc35fcd-3ff6-4f05-b338-fc683d04667b,"2014-10-28 17:11:30"
2385200,unknown,,unknown,,"Lactarius volemus",,,,,,,,,urn:uuid:d4d6c120-75ba-43a0-ae80-4f5751aa1ca7,"2014-10-28 17:11:30"
2385223,"Van De Putte et al.",,2010,,"Lactarius crocatus",,"Van De Putte & Verbeken",,,,,"Van De Putte et al., 2010. Lactarius volemus sensu lato (Russulales) from northern Thailand: morphological and phylogenetic species concepts explored. Fungal Diversity 45: 99–130",,urn:uuid:93325242-d9bb-4dd6-bd00-0bf30e48e59d,"2014-10-28 17:41:43"
2385223,unknown,,unknown,,"Lactarius volemus",,,,,,,,,urn:uuid:0179d1c6-6a3c-45e9-97ee-949acc732766,"2014-10-28 17:41:43"
2390571,"E. C. Vellinga",,"4 Nov 2014",,"Lepiota castanescens",,Murrill,,,,,,,urn:uuid:b166388b-b871-421f-8f95-1fa39ae8a3a4,"2014-11-04 14:51:00"
2390571,"W. J. Sundberg",,unknown,,"Lepiota carmineobasidia",,,,,,,,,urn:uuid:c92c5e10-1c2f-4447-b8a1-6d4e9c7a0cce,"2014-11-04 14:51:00"
2390592,"E.C. Vellinga",,"4 Nov. 2014",,"Lepiota castanescens",,Murrill,,,,,,,urn:uuid:dabf4d98-439e-4ba2-8c38-a5c3aba1835a,"2014-11-04 14:53:30"
2390592,"C. Calhoun",,unknown,,"Lepiota carmineobasidia",,,,,,,,,urn:uuid:d32573af-974f-46db-90d2-789a0e033b97,"2014-11-04 14:53:31"
2392061,"E.C. Vellinga",,"4 Nov. 2014",,"Lepiota castanescens",,Murrill,,,,,,,urn:uuid:59eb78d8-8486-4982-a22a-5c6fb2365f69,"2014-11-04 14:56:31"
2392061,unknown,,unknown,,"Lepiota carmineobasidia",,,,,,,,,urn:uuid:5a6c8909-16a5-4184-83ed-e2ae1b639681,"2014-11-04 14:56:31"
2392064,"E.C. Vellinga",,"4 Nov. 2014",,"Lepiota castanescens",,Murrill,,,,,,,urn:uuid:08a9642e-8394-4d92-8953-70e7c204457d,"2014-11-04 14:57:40"
2392064,unknown,,unknown,,"Lepiota carmineobasidia",,,,,,,,,urn:uuid:051d580a-dce9-43be-a5fa-c10049c70cf4,"2014-11-04 14:57:40"
2392055,"E. C. Vellinga",,"4 Nov 2014",,"Lepiota castanescens",,Murrill,,,,,,,urn:uuid:92534c33-8c66-44a5-ac46-98e7c594863c,"2014-11-04 14:58:49"
2392055,unknown,,unknown,,"Lepiota carmineobasidia",,,,,,,,,urn:uuid:7b015c11-b040-44a3-aa97-ee4e86f784c2,"2014-11-04 14:58:49"
2394186,"E. C. Vellinga",,"8 Nov. 2006",,Leucoagaricus,,,,,,,,"in sect. Rubrotincti",urn:uuid:3583cf2d-266c-4f3f-a23e-ac2c12230bcc,"2014-11-10 13:24:52"
2394186,unknown,,unknown,,"Lepiota decorata",,Zeller,,,,,,,urn:uuid:a405bdde-b088-4bd7-860f-7b02d6b4fe75,"2014-11-10 13:24:52"
2393872,"E. C. Vellinga",,"10 Nov 2014",,"Lepiota magnispora",,Murrill,,,,,,"spore penguinshaped; pileus centre dark",urn:uuid:f30dc2b6-eb9d-4139-81ae-4014010e473d,"2014-11-10 18:57:51"
2393872,unknown,,unknown,,"Lepiota clypeolaria",,"(Bull.) P. Kumm.",,,,,,,urn:uuid:17564014-4465-4d0e-9ac6-cdf1b5323dd0,"2014-11-10 18:57:51"
2394248,"E. C. Vellinga",,"10 Nov 2014",cf.,"Macrolepiota dolichaula",,,,,,,,"definitely a Macrolepiota species.",urn:uuid:6d193712-c605-455a-b65c-1979092c2bf9,"2014-11-10 18:59:50"
2394248,"D. Arora",,unknown,,"Lepiota dolichaula",,"(Berk. & Broome) Sacc.",,,,,,,urn:uuid:d5dd55c7-4a81-4c9a-ba90-2a84b821a633,"2014-11-10 18:59:50"
2393876,"E. C. Vellinga",,"10 Nov 2014",,"Macrolepiota excoriata",,,,,,,,,urn:uuid:a7973fe9-ab9f-43e2-b46f-9bb03013bd23,"2014-11-10 19:00:45"
2393876,"H. D. Thiers",,unknown,,"Lepiota excoriata",,"(Schaeff.) P. Kumm.",,,,,,,urn:uuid:e5bc1617-510e-4d00-9198-055d3e76b849,"2014-11-10 19:00:45"
2395461,"E. C. Vellinga",,2009,,"Lepiota phaeoderma",,Vellinga,,,,,"Mycologia 102: 664–674; DOI 10.3852/09-180",,urn:uuid:8b474763-3c74-4146-8c0e-d1d546ca87e7,"2014-11-25 13:46:45"
2395461,"W. J. Sundberg",,unknown,,"Lepiota neophana",,Morgan,,,,,,,urn:uuid:5c0bc379-89bd-4151-8639-fcaf1b474495,"2014-11-25 13:46:45"
2395443,"E. C. Vellinga",,2009,,"Lepiota phaeoderma",,Vellinga,,,,,"Mycologia 102: 664–674; DOI 10.3852/09-180",,urn:uuid:c550770e-fcc6-462c-a228-e55ed9ec4ffc,"2014-11-25 13:47:47"
2395443,"W. J. Sundberg",,unknown,,"Lepiota neophana",,Morgan,,,,,,,urn:uuid:7b4052ad-4d40-4775-a003-2120706c4405,"2014-11-25 13:47:47"
2395459,"E. C. Vellinga",,2009,,"Lepiota phaeoderma",,Vellinga,,,,,"Mycologia 102: 664–674; DOI 10.3852/09-180",,urn:uuid:0904ee02-e2b5-4442-ab64-b5006bda913a,"2014-11-25 13:48:44"
2395459,"H. D. Thiers",,unknown,,"Lepiota neophana",,Morgan,,,,,,,urn:uuid:88b93eed-a59b-481d-8451-97cfd3d4b01a,"2014-11-25 13:48:44"
2395439,"E. C. Vellinga",,2009,,"Lepiota phaeoderma",,Vellinga,,,,,"Mycologia 102: 664–674; DOI 10.3852/09-180",,urn:uuid:635b945d-7b25-4683-9eb2-e4cc355dfa5c,"2014-11-25 13:50:42"
2395439,"W. J. Sundberg",,unknown,,"Lepiota neophana",,Morgan,,,,,,,urn:uuid:a91e1b7b-b7fd-4d86-95e3-5f1bc913cd49,"2014-11-25 13:50:43"
2395403,"E. C. Vellinga",,2014,,"Lepiota phaeoderma",,Vellinga,,,,,"Mycologia 102: 664–674; DOI 10.3852/09-180",,urn:uuid:120db9da-439e-4fe0-8144-8d2aec8e4ae0,"2014-11-25 13:59:37"
2395403,"W. J. Sundberg",,unknown,,"Lepiota neophana",,Morgan,,,,,,,urn:uuid:f56286a2-341e-477c-a6d5-cfa6cbdb36c1,"2014-11-25 13:59:37"
1918176,"H. D. Thiers",,unknown,,"Chalciporus piperatus",,"(Bull.) Bataille",,,,,,,urn:uuid:8f62d3a6-90cd-4dbd-980a-072ecdf7f7d1,"2014-12-09 11:47:29"
2395430,"E. C. Vellinga",,"December 2014",,"Lepiota maculans",,Peck,,,,,"J.M. Birkebak et al., 2011. Lepiota maculans, an unusual mushroom rediscovered after 105 years. Southeastern Naturalist 10(2):267-274. 2011 doi: http://dx.doi.org/10.1656/058.010.0207",,urn:uuid:af758192-5069-4947-93ec-0ffafd6b8e6e,"2014-12-17 11:40:28"
2395430,"D. E. Desjardin",,unknown,,"Lepiota muticolor",,Murrill,,,,,,,urn:uuid:e2de2154-5263-4a7d-8ade-c9a9cca0d14a,"2014-12-17 11:40:28"
2275390,"R. Halling",,unknown,,"Collybia cylindrospora",,Kauffman,,,,,,,urn:uuid:be0a32af-ed74-491e-8e17-342678297a8c,"2014-12-18 19:19:39"
2272852,"R. E. Halling",,unknown,,"Collybia kirchneri",,"(Thüm.) Halling & T.J. Baroni",,,,,,,urn:uuid:8094afc6-6495-4841-a323-6cd229f81dc0,"2014-12-18 19:24:37"
2275270,"H. D. Thiers",,unknown,,"Collybia exsculpta",,"(Fr.) Gillet",,,,,,,urn:uuid:fc702481-fa1c-49fb-93cd-4d6ad018c1c7,"2014-12-18 19:30:29"
2269659,"H. D. Thiers; D. E. Desjardin",,9/15/93,,"Collybia pinastris",,"(Kauffman) Mitchel & A.H. Sm.",,,,,,,urn:uuid:3c8c1ecf-8cef-4a4b-a479-878425c4a792,"2014-12-19 11:32:43"
2269648,"H. D. Thiers; D. E. Desjardin",,9/15/93,,"Collybia pinastris",,"(Kauffman) Mitchel & A.H. Sm.",,,,,,,urn:uuid:fef840a6-deb6-42ec-9cca-4e314eb9a698,"2014-12-19 11:36:15"
2275274,"H. D. Thiers",,unknown,,"Collybia succinea",,"(Fr.) Quél.",,,,,,,urn:uuid:d15264eb-0eb8-4fa1-9b02-c259d2e214e1,"2014-12-19 11:37:27"
2273182,unknown,,unknown,,"Gymnopus erythropus",,,,,,,,,urn:uuid:87b7df99-94d5-432e-a815-b1b522b2833b,"2014-12-19 11:38:51"
2273182,"R. E. Halling",,"20 March 1989",,"Collybia kirchneri",,"(Thüm.) Halling & T.J. Baroni",,,,,,,urn:uuid:66bd7fea-c8aa-4e53-a860-840c64c940e4,"2014-12-19 11:42:25"
2269790,"D. Desjardin",,9/15/93,,"Collybia pinastris",,"(Kauffman) Mitchel & A.H. Sm.",,,,,,,urn:uuid:b036d9f0-dee7-491b-9101-09a63b78f8db,"2014-12-19 14:57:45"
2275416,"R. E. Halling",,unknown,,"Collybia cylindrospora",,Kauffman,,,,,,,urn:uuid:583a63f1-c367-4745-bd1c-78084907485f,"2014-12-19 15:00:46"
1450953,"R. Halling",,unknown,,"Boletus aereus",,Bull.,,,,,,,urn:uuid:d09d1c3f-d87f-4eae-b58e-cda2023e920d,"2015-01-07 13:10:39"
1450929,"R. Halling",,unknown,,"Boletus aereus",,Bull.,,,,,,,urn:uuid:e0eee133-37bd-41bc-96fe-bd13bd7c035e,"2015-01-07 13:12:34"
1450918,"R. Halling",,unknown,,"Boletus aereus",,Bull.,,,,,,,urn:uuid:3fe9499c-e0b4-4a3f-99ee-2150d7a45ab7,"2015-01-07 13:13:30"
1450913,"R. Halling",,unknown,,"Boletus aereus",,Bull.,,,,,,,urn:uuid:ebfdead7-d81e-4d1f-9ed7-d9ec3162df65,"2015-01-07 13:14:47"
2275277,"D. Largent",,unknown,,"Collybia exsculpta",,"(Fr.) Gillet",,,,,,,urn:uuid:26692264-9777-4177-93a1-5845deceb7ef,"2015-01-08 19:35:19"
2311995,"D. Largent",,unknown,,"Gomphidius rutilus",,"(Schaeff.) S. Lundell",,,,,,,urn:uuid:5eda368a-6902-4c4b-a083-6022cc53dfcf,"2015-01-08 20:03:52"
2311997,"D. Largent",,unknown,,"Gomphidius rutilus",,"(Schaeff.) S. Lundell",,,,,,,urn:uuid:fcfa6bb3-4796-45c8-8486-ffefa70ede63,"2015-01-09 12:50:02"
2312024,"D. Largent",,unknown,,"Gomphidius rutilus",,"(Schaeff.) S. Lundell",,,,,,,urn:uuid:eb23f343-a093-412c-96eb-b565edcf4676,"2015-01-09 12:51:02"
2312028,"D. Largent",,unknown,,"Gomphidius rutilus",,"(Schaeff.) S. Lundell",,,,,,,urn:uuid:942d10c6-1154-4cf9-a279-b2ca01ae3f7e,"2015-01-09 12:52:18"
2247327,"J. W. Groves",,unknown,,"Cortinarius croceifolius",,Peck,,,,,,,urn:uuid:1f391c7f-3e1b-4202-ab22-8b4752e4e208,"2015-01-12 12:45:12"
2242125,"J. F. Ammirati",,1972-03-27,,"Cortinarius sanguineus",,"(Wulfen) Fr.",,,,,,,urn:uuid:e7b69366-b70e-4071-9a08-6e2e9db019aa,"2015-01-13 16:41:15"
2419008,SFSU,,unknown,,"Leucopaxillus gentianeus",,"(Quél.) Kotl.",,,,,,,urn:uuid:79ac85f1-cd90-4f68-bdf5-a5a72a56dbb9,"2015-01-15 10:17:56"
2419008,unknown,,unknown,,"Leucopaxillus amarus",,"(Alb. & Schwein.) Kühner",,,,,,,urn:uuid:8f3a8280-f31e-4715-9f44-8f69c3f111c4,"2015-01-15 10:17:56"
2419011,SFSU,,unknown,,"Leucopaxillus gentianeus",,"(Quél.) Kotl.",,,,,,,urn:uuid:d15ae16a-4167-45b7-9c07-ef7f54b2bcbf,"2015-01-15 10:20:54"
2419011,unknown,,unknown,,"Leucopaxillus amarus",,"(Alb. & Schwein.) Kühner",,,,,,,urn:uuid:b4111dae-4fcb-461d-b141-def37c34491f,"2015-01-15 10:20:55"
2419013,SFSU,,unknown,,"Leucopaxillus gentianeus",,"(Quél.) Kotl.",,,,,,,urn:uuid:5e4a5960-4311-4264-8334-4cb3a2846d29,"2015-01-15 10:22:30"
2419013,"H. D. Thiers",,unknown,,"Leucopaxillus amarus",,"(Alb. & Schwein.) Kühner",,,,,,,urn:uuid:d3f80ac3-ff9c-47ad-a153-51fc495919a7,"2015-01-15 10:22:30"
2419012,"SFSU herbarium",,unknown,,"Leucopaxillus gentianeus",,"(Quél.) Kotl.",,,,,,,urn:uuid:3969c0a2-ea9f-446b-af7f-72e86798d7d3,"2015-01-15 11:36:51"
2419012,"H. D. Thiers",,unknown,,"Leucopaxillus amarus",,"(Alb. & Schwein.) Kühner",,,,,,,urn:uuid:cfc3e820-65af-458b-83d7-69ddcf2a14c8,"2015-01-15 11:36:51"
2419014,"SFSU herbarium",,unknown,,"Leucopaxillus gentianeus",,"(Quél.) Kotl.",,,,,,,urn:uuid:816d071c-e9e3-4042-b133-141e6068dd27,"2015-01-15 11:38:17"
2419014,"H. D. Thiers",,unknown,,"Leucopaxillus amarus",,"(Alb. & Schwein.) Kühner",,,,,,,urn:uuid:1dd908a7-2caa-484e-a6b3-555cc3f69ba0,"2015-01-15 11:38:17"
2419015,"SFSU herbarium",,unknown,,"Leucopaxillus gentianeus",,"(Quél.) Kotl.",,,,,,,urn:uuid:87c04ebe-f2f7-4766-9643-e587647e76b0,"2015-01-15 11:39:38"
2419015,"H. D. Thiers",,unknown,,"Leucopaxillus amarus",,"(Alb. & Schwein.) Kühner",,,,,,,urn:uuid:f4e5a5f9-fcdd-44ce-8318-f78ec6255a7d,"2015-01-15 11:39:39"
2419017,"SFSU herbarium",,unknown,,"Leucopaxillus gentianeus",,"(Quél.) Kotl.",,,,,,,urn:uuid:20ca296e-bfd4-41fe-b10e-680bbd6cfd8e,"2015-01-15 11:40:41"
2419017,"H. D. Thiers",,unknown,,"Leucopaxillus amarus",,"(Alb. & Schwein.) Kühner",,,,,,,urn:uuid:b1874cf2-6cb9-4117-957b-723eedab0566,"2015-01-15 11:40:41"
2419018,"SFSU herbarium",,unknown,,"Leucopaxillus gentianeus",,"(Quél.) Kotl.",,,,,,,urn:uuid:7237c904-a874-4cc3-aae9-03761a0580eb,"2015-01-15 11:42:24"
2419018,"H. D. Thiers",,unknown,,"Leucopaxillus amarus",,"(Alb. & Schwein.) Kühner",,,,,,,urn:uuid:30e416ec-a3ed-4285-92f0-b9d10d48b525,"2015-01-15 11:42:24"
2419019,"SFSU herbarium",,unknown,,"Leucopaxillus gentianeus",,"(Quél.) Kotl.",,,,,,,urn:uuid:bd2422d0-2747-42c0-8e68-e76e9bd1a399,"2015-01-15 11:44:33"
2419019,"H. D. Thiers",,unknown,,"Leucopaxillus amarus",,"(Alb. & Schwein.) Kühner",,,,,,,urn:uuid:7f7ef086-b467-4b79-8c48-62821b48f69f,"2015-01-15 11:44:33"
2419020,"SFSU herbarium",,unknown,,"Leucopaxillus gentianeus",,"(Quél.) Kotl.",,,,,,,urn:uuid:f69fa2b6-4b40-4e61-82a0-f2b963c29a1b,"2015-01-15 11:46:18"
2419020,"A. H. Smith",,unknown,,"Leucopaxillus amarus",,"(Alb. & Schwein.) Kühner",,,,,,,urn:uuid:2851430a-453a-4f2f-8d6f-73cb5ec397ee,"2015-01-15 11:46:18"
2419022,"SFSU herbarium",,unknown,,"Leucopaxillus gentianeus",,"(Quél.) Kotl.",,,,,,,urn:uuid:a655d7c0-1f8d-4311-a796-5f34457e5bff,"2015-01-15 11:47:23"
2419022,"H. D. Thiers",,unknown,,"Leucopaxillus amarus",,"(Alb. & Schwein.) Kühner",,,,,,,urn:uuid:20ad537b-09e7-4ac1-b93f-4d0229ff6ac1,"2015-01-15 11:47:23"
2419023,"SFSU herbarium",,unknown,,"Leucopaxillus gentianeus",,"(Quél.) Kotl.",,,,,,,urn:uuid:db79686f-608e-4c2c-b342-9c7021ea4594,"2015-01-15 11:50:12"
2419023,"H. D. Thiers",,unknown,,"Leucopaxillus amarus",,"(Alb. & Schwein.) Kühner",,,,,,,urn:uuid:cdaab32d-9336-4aa5-9616-2c9a81cc0678,"2015-01-15 11:50:12"
2419025,"SFSU herbarium",,unknown,,"Leucopaxillus gentianeus",,"(Quél.) Kotl.",,,,,,,urn:uuid:dcf2d6c7-6097-424b-b571-688e7c2789f9,"2015-01-15 11:51:42"
2419025,"Thiers, Breckon, Sundberg",,unknown,,"Leucopaxillus amarus",,"(Alb. & Schwein.) Kühner",,,,,,,urn:uuid:f48c93d9-be12-494a-88a0-9710ee6588f5,"2015-01-15 11:51:42"
2419027,"SFSU herbarium",,unknown,,"Leucopaxillus gentianeus",,"(Quél.) Kotl.",,,,,,,urn:uuid:675cb396-1ac7-456b-ae03-14bb1e4b8bed,"2015-01-15 11:54:10"
2419027,"H. D. Thiers",,unknown,,"Leucopaxillus amarus",,"(Alb. & Schwein.) Kühner",,,,,,,urn:uuid:c6977858-faa3-49e1-b292-40c8c85cf835,"2015-01-15 11:54:10"
2419028,"SFSU herbarium",,unknown,,"Leucopaxillus gentianeus",,"(Quél.) Kotl.",,,,,,,urn:uuid:b5769e44-0336-46a4-bdb9-a2b710e08621,"2015-01-15 11:56:08"
2419028,"H. D. Thiers",,unknown,,"Leucopaxillus amarus",,"(Alb. & Schwein.) Kühner",,,,,,,urn:uuid:ee666fee-db01-4c8e-acf9-e74ec494bdb5,"2015-01-15 11:56:08"
2419032,"SFSU herbarium",,unknown,,"Leucopaxillus gentianeus",,"(Quél.) Kotl.",,,,,,,urn:uuid:f6ad4257-1b3f-4665-b1a0-e2f4471b3ec7,"2015-01-15 11:59:48"
2419032,"H. D. Thiers",,unknown,,"Leucopaxillus amarus",,"(Alb. & Schwein.) Kühner",,,,,,,urn:uuid:0b5fb58c-54de-4ece-8054-1b6cdb3c2f37,"2015-01-15 11:59:48"
2419034,"SFSU herbarium",,unknown,,"Leucopaxillus gentianeus",,"(Quél.) Kotl.",,,,,,,urn:uuid:5f753387-bf05-441d-a47b-525fff3b8c79,"2015-01-15 12:01:17"
2419034,"H. D. Thiers",,unknown,,"Leucopaxillus amarus",,"(Alb. & Schwein.) Kühner",,,,,,,urn:uuid:7119033b-4c71-4215-b664-13d2df340b8b,"2015-01-15 12:01:17"
2419060,"M. T. Seidl",,1988-10-21,,"Leucopaxillus gentianeus",,"(Quél.) Kotl.",,,,,"Ceska Mykol. 20: 230. 1966.",,urn:uuid:4bb473ee-b749-4f9d-9ffb-9688b479380a,"2015-01-15 12:05:46"
2419060,"I. Tavares",,unknown,,"Leucopaxillus amarus",,"(Alb. & Schwein.) Kühner",,,,,,,urn:uuid:b12e8fe6-51be-479f-8d96-9eec6bc6fb2b,"2015-01-15 12:05:46"
2419050,"SFSU herbarium",,unknown,,"Leucopaxillus gentianeus",,"(Quél.) Kotl.",,,,,,,urn:uuid:f7881ac4-c9da-4b29-80bb-f01767e7178b,"2015-01-15 12:42:45"
2419050,"R. Halling",,unknown,,"Leucopaxillus amarus",,"(Alb. & Schwein.) Kühner",,,,,,,urn:uuid:eab4951e-0c87-4fbc-afd7-400e15fcb0cf,"2015-01-15 12:42:45"
2419903,"SFSU herbarium",,unknown,,"Leucopaxillus gentianeus",,"(Quél.) Kotl.",,,,,,,urn:uuid:0d879c82-c468-4a54-aaa5-4627775b34ea,"2015-01-15 12:47:33"
2419903,"H. D. Thiers",,unknown,,"Leucopaxillus amarus",,"(Alb. & Schwein.) Kühner",,,,,,,urn:uuid:2208401a-1eef-4807-b933-8d282e00523a,"2015-01-15 12:47:33"
2419898,"SFSU herbarium",,unknown,,"Leucopaxillus gentianeus",,"(Quél.) Kotl.",,,,,,,urn:uuid:faf72065-0b1c-44f9-b5e3-acb2a38d0bc7,"2015-01-15 12:52:04"
2419898,"H. D. Thiers",,unknown,,"Leucopaxillus amarus",,"(Alb. & Schwein.) Kühner",,,,,,,urn:uuid:fa381e64-7ae4-4802-afc2-4449095bae9d,"2015-01-15 12:52:04"
2419065,"SFSU herbarium",,unknown,,"Leucopaxillus gentianeus",,"(Quél.) Kotl.",,,,,,,urn:uuid:04ff5a63-6b2a-4960-adb3-56aaa73911ce,"2015-01-15 12:57:10"
2419065,"H. D. Thiers",,unknown,,"Leucopaxillus amarus",,"(Alb. & Schwein.) Kühner",,,,,,,urn:uuid:2c397557-8e21-4dde-b811-19826ca112fb,"2015-01-15 12:57:10"
2419037,"SFSU herbarium",,unknown,,"Leucopaxillus gentianeus",,"(Quél.) Kotl.",,,,,,,urn:uuid:e9425016-efe1-40c0-a7b5-77a872cdc938,"2015-01-15 13:02:27"
2419037,"H. D. Thiers",,unknown,,"Leucopaxillus amarus",,"(Alb. & Schwein.) Kühner",,,,,,,urn:uuid:76dca393-2df3-44ab-94ca-b32cf49e780e,"2015-01-15 13:02:27"
2419043,"SFSU herbarium",,unknown,,"Leucopaxillus gentianeus",,"(Quél.) Kotl.",,,,,,,urn:uuid:52fa802b-6b3a-4977-8f19-bd118cd08f56,"2015-01-15 13:06:23"
2419043,"H. D. Thiers",,unknown,,"Leucopaxillus amarus",,"(Alb. & Schwein.) Kühner",,,,,,,urn:uuid:9d0807de-6030-40b0-9e8d-298d519d20be,"2015-01-15 13:06:23"
2419904,"SFSU herbarium",,unknwon,,"Leucopaxillus gentianeus",,"(Quél.) Kotl.",,,,,,,urn:uuid:c1e5f230-4004-4251-beda-9dfabe0cac56,"2015-01-15 13:28:18"
2419904,"H. D. Thiers",,unknown,,"Leucopaxillus amarus",,"(Alb. & Schwein.) Kühner",,,,,,,urn:uuid:31e38b28-0202-4874-b59e-3d8d5f40174b,"2015-01-15 13:28:18"
2419044,"SFSU herbarium",,unknown,,"Leucopaxillus gentianeus",,"(Quél.) Kotl.",,,,,,,urn:uuid:fe4782d2-ae87-4e0c-8e75-5af8b41467aa,"2015-01-15 14:06:25"
2419044,"H. D. Thiers",,unknown,,"Leucopaxillus amarus",,"(Alb. & Schwein.) Kühner",,,,,,,urn:uuid:4a8dcc71-3f52-41b0-8fd2-c0c7a3ad6fe5,"2015-01-15 14:06:25"
2419045,"SFSU herbarium",,unknows,,"Leucopaxillus gentianeus",,"(Quél.) Kotl.",,,,,,,urn:uuid:2027c86a-b1cc-4e32-8df7-1e9e0baf8d16,"2015-01-15 14:08:17"
2419045,"H. D. Thiers",,unknown,,"Leucopaxillus amarus",,"(Alb. & Schwein.) Kühner",,,,,,,urn:uuid:70b2876a-817b-4264-be17-d7278df6fec0,"2015-01-15 14:08:17"
2419046,"SFSU herbarium",,unknown,,"Leucopaxillus gentianeus",,"(Quél.) Kotl.",,,,,,,urn:uuid:d3494ab4-6d73-412a-8da2-292c06325741,"2015-01-15 14:09:32"
2419046,"H. D. Thiers",,unknown,,"Leucopaxillus amarus",,"(Alb. & Schwein.) Kühner",,,,,,,urn:uuid:186d1a6a-b21b-4751-9ff5-1fdafc3b493d,"2015-01-15 14:09:32"
2419893,"SFSU herbarium",,unknown,,"Leucopaxillus gentianeus",,"(Quél.) Kotl.",,,,,,,urn:uuid:c47e4ee6-028f-4543-bc61-f5751ef9c694,"2015-01-15 14:10:40"
2419893,"H. D. Thiers",,unknown,,"Leucopaxillus amarus",,"(Alb. & Schwein.) Kühner",,,,,,,urn:uuid:d03e9303-4674-4264-8f75-d4535f4376bc,"2015-01-15 14:10:40"
2419053,"SFSU herbarium",,unknown,,"Leucopaxillus gentianeus",,"(Quél.) Kotl.",,,,,,,urn:uuid:b65e20ae-71e9-490e-855e-9accda2f0155,"2015-01-15 14:14:29"
2419053,"H. D. Thiers",,unknown,,"Leucopaxillus amarus",,"(Alb. & Schwein.) Kühner",,,,,,,urn:uuid:a8476562-2c67-4355-a838-3a8789b89578,"2015-01-15 14:14:30"
2419051,"SFSU herbarium",,unknown,,"Leucopaxillus gentianeus",,"(Quél.) Kotl.",,,,,,,urn:uuid:9eb8a36e-964a-4d03-968f-c9b9e975c8ba,"2015-01-15 14:15:43"
2419051,"H. D. Thiers",,unknown,,"Leucopaxillus amarus",,"(Alb. & Schwein.) Kühner",,,,,,,urn:uuid:cf1aa0a3-939e-4619-8d6b-82b163966031,"2015-01-15 14:15:43"
2419038,"SFSU herbarium",,unknown,,"Leucopaxillus gentianeus",,"(Quél.) Kotl.",,,,,,,urn:uuid:f5d6d3ef-7644-402a-af7e-ab77175a1d1e,"2015-01-15 14:19:36"
2419038,"H. D. Thiers",,unknown,,"Leucopaxillus amarus",,"(Alb. & Schwein.) Kühner",,,,,,,urn:uuid:9588da09-c216-4f50-abf5-bef65d56e62b,"2015-01-15 14:19:36"
2419061,"SFSU herbarium",,unknown,,"Leucopaxillus gentianeus",,"(Quél.) Kotl.",,,,,,,urn:uuid:5450919d-26df-49f3-8189-c3a4f0358727,"2015-01-15 14:21:12"
2419061,"H. D. Thiers",,unknown,,"Leucopaxillus amarus",,"(Alb. & Schwein.) Kühner",,,,,,,urn:uuid:97a00299-e842-4fe7-a00a-fa6a4491ab1a,"2015-01-15 14:21:12"
2419896,"SFSU herbarium",,unknown,,"Leucopaxillus gentianeus",,"(Quél.) Kotl.",,,,,,,urn:uuid:8aac405f-3fa9-449c-a3ea-00a5dc1175b7,"2015-01-15 14:22:28"
2419896,"Ammirati & Gleason",,unknown,,"Leucopaxillus amarus",,"(Alb. & Schwein.) Kühner",,,,,,,urn:uuid:4b5223f3-551f-48ce-b0ea-864fefb0c5c3,"2015-01-15 14:22:28"
2419052,"SFSU herbarium",,unknown,,"Leucopaxillus gentianeus",,"(Quél.) Kotl.",,,,,,,urn:uuid:518f371c-727b-4537-8f1b-64c4ad957def,"2015-01-15 14:33:57"
2419052,"H. D. Thiers",,unknown,,"Leucopaxillus amarus",,"(Alb. & Schwein.) Kühner",,,,,,,urn:uuid:d460972f-61cf-4fca-9ae1-bbaa9b3ff50b,"2015-01-15 14:33:57"
2419894,"SFSU herbarium",,unknown,,"Leucopaxillus gentianeus",,"(Quél.) Kotl.",,,,,,,urn:uuid:3fa2c2f1-3869-4faa-a070-aff1145d8c86,"2015-01-15 14:37:09"
2419894,"H. D. Thiers",,unknown,,"Leucopaxillus amarus",,"(Alb. & Schwein.) Kühner",,,,,,,urn:uuid:a4444396-d405-4748-bce3-31334e3cb909,"2015-01-15 14:37:09"
2419891,"SFSU herbarium",,unknown,,"Leucopaxillus gentianeus",,"(Quél.) Kotl.",,,,,,,urn:uuid:ba5c7aa6-3e3a-4b8c-912e-4f709f7ffa09,"2015-01-15 14:38:31"
2419891,"H. D. Thiers",,unknown,,"Leucopaxillus amarus",,"(Alb. & Schwein.) Kühner",,,,,,,urn:uuid:cb25320d-debc-488f-b46e-1f02ec9d9a7e,"2015-01-15 14:38:31"
2419049,"SFSU herbarium",,unknown,,"Leucopaxillus gentianeus",,"(Quél.) Kotl.",,,,,,,urn:uuid:2e4ccf53-69e1-40d2-82a5-f095264247ed,"2015-01-15 14:39:42"
2419049,"H. D. Thiers",,unknown,,"Leucopaxillus amarus",,"(Alb. & Schwein.) Kühner",,,,,,,urn:uuid:bc1c01f3-ec64-4e06-87ba-5be8ff8eed60,"2015-01-15 14:39:42"
2419042,"SFSU herbarium",,unknown,,"Leucopaxillus gentianeus",,"(Quél.) Kotl.",,,,,,,urn:uuid:d3802d5d-b8a1-4693-8822-e343a78b9e7b,"2015-01-15 14:40:38"
2419042,"H. D. Thiers",,unknown,,"Leucopaxillus amarus",,"(Alb. & Schwein.) Kühner",,,,,,,urn:uuid:20110c33-fd15-40f6-8a38-60efb1503c7a,"2015-01-15 14:40:38"
2419063,"SFSU herbarium",,unknown,,"Leucopaxillus gentianeus",,"(Quél.) Kotl.",,,,,,,urn:uuid:c268eb5a-d37c-40c2-a234-7572324270f9,"2015-01-15 14:41:50"
2419063,"H. D. Thiers",,unknown,,"Leucopaxillus amarus",,"(Alb. & Schwein.) Kühner",,,,,,,urn:uuid:b10951e1-9938-4fe9-9614-ed76629cec46,"2015-01-15 14:41:50"
2074600,"H. D. Thiers",,unknown,,"Tylopilus cyaneotinctus",,"A.H. Sm. & Thiers",,,,,,,urn:uuid:2eff789f-688f-470d-8179-e9899ac98768,"2015-01-16 11:56:54"
2077612,"H. D. Thiers",,unknown,,"Tylopilus sordidus",,"(Frost) A.H. Sm. & Thiers",,,,,,,urn:uuid:3f1ef150-f90d-4399-98ef-5f7ecdced1b6,"2015-01-16 12:36:23"
2417766,"H. D. Thiers",,unknown,,"Leucopaxillus amarus",,"(Alb. & Schwein.) Kühner",,,,,,,urn:uuid:b2122b3c-f880-4207-a8f7-a9cfe800d46f,"2015-01-20 12:17:26"
2417767,"H. D. Thiers",,unknown,,"Leucopaxillus amarus",,"(Alb. & Schwein.) Kühner",,,,,,,urn:uuid:efc1775f-899c-4748-90a1-b14ebde23034,"2015-01-20 12:18:26"
2417770,"H. D. Thiers",,unknown,,"Leucopaxillus amarus",,"(Alb. & Schwein.) Kühner",,,,,,,urn:uuid:d98e54be-5bf5-4e11-a6f1-8a4ebafbabbe,"2015-01-20 12:19:07"
2417776,"H. D. Thiers",,unknown,,"Leucopaxillus amarus",,"(Alb. & Schwein.) Kühner",,,,,,,urn:uuid:dae46e12-3f8d-44f3-906a-f3dbefec2dba,"2015-01-20 12:20:07"
2164019,"R. E. Tulloss",,1993-05-03,,"Amanita protecta",,"Tulloss & G. Wright",,,,,,,urn:uuid:c7355819-7ba0-4200-93b9-64bd6161189e,"2015-01-20 13:19:43"
2164019,"H. D. Thiers",,"5 Feb. 1982",,"Amanita constricta",,"Thiers & Ammirati",,,,,,,urn:uuid:8b8a960c-77d6-45f7-a2f9-aec9f8150cce,"2015-01-20 13:21:49"
2162778,"G. Breckon",,unknown,,"Amanita rubescens",,Pers.,,,,,,,urn:uuid:998251f2-5ae3-4da1-8560-78d0cef0c689,"2015-01-20 16:49:26"
2162971,"H. D. Thiers",,unknown,,"Amanita rubescens",,Pers.,,,,,,,urn:uuid:91145afd-3ab4-479f-9f62-d5d647ff1701,"2015-01-20 16:50:42"
2162968,"G. Breckon",,unknown,,"Amanita rubescens",,Pers.,,,,,,,urn:uuid:97c5e5c8-9c37-4509-9a59-04f79692b19a,"2015-01-20 16:51:48"
2162964,"W. J. Sundberg",,unknown,,"Amanita rubescens",,Pers.,,,,,,,urn:uuid:c6ddb855-e091-49a6-8fb9-ce140ed83b7e,"2015-01-20 16:52:48"
2162959,"G. Breckon",,unknown,,"Amanita rubescens",,Pers.,,,,,,,urn:uuid:795d0319-1f50-42b2-9d27-302c6fe2ca16,"2015-01-20 16:53:56"
2162954,"H. D. Thiers",,unknown,,"Amanita rubescens",,Pers.,,,,,,,urn:uuid:41ad9171-7cf0-4bfb-a128-95bc9a573f14,"2015-01-20 16:54:59"
2162944,"C. Calhoun",,unknwon,,"Amanita rubescens",,Pers.,,,,,,,urn:uuid:91f83376-581e-46fa-8202-336f6df8169a,"2015-01-20 16:56:39"
2162935,"M. Seidl",,unknown,,"Amanita rubescens",,Pers.,,,,,,,urn:uuid:747d2675-d712-43f6-bf7c-438d79992d20,"2015-01-20 16:57:47"
2162916,"R. Keller",,unknown,,"Amanita rubescens",,Pers.,,,,,,,urn:uuid:456fea44-c8c1-4364-83f5-e67b593d7611,"2015-01-20 16:59:01"
2162911,"R. Keller",,unknown,,"Amanita rubescens",,Pers.,,,,,,,urn:uuid:3fa8c7fa-6715-46f4-93ef-8c4f57e1898d,"2015-01-20 17:00:08"
2162913,"R. Keller",,unknown,,"Amanita rubescens",,Pers.,,,,,,,urn:uuid:6f30cebc-f977-4f57-b528-ba9236e94bd1,"2015-01-20 17:02:00"
2162784,"G. Breckon",,unknown,,"Amanita rubescens",,Pers.,,,,,,,urn:uuid:176091bc-c667-4ed9-8733-72ec9e3a7afb,"2015-01-20 17:03:18"
2162792,"G. Breckon",,unknown,,"Amanita rubescens",,Pers.,,,,,,,urn:uuid:d59b2fcc-fb16-46c6-8b96-4199f2253a82,"2015-01-20 17:04:23"
2162890,"C. Calhoun",,unknown,,"Amanita rubescens",,Pers.,,,,,,,urn:uuid:73096a5e-66b2-4222-a41e-e19dfabb3f3e,"2015-01-20 17:06:06"
2162900,"C. Calhoun",,unknown,,"Amanita rubescens",,Pers.,,,,,,,urn:uuid:a56d339c-7e8b-41b8-9a30-8560440e08a0,"2015-01-20 17:07:11"
2162817,"S. Sisk",,unknown,,"Amanita rubescens",,Pers.,,,,,,,urn:uuid:21b5f52e-88c3-4bd5-beba-e4cff4af626a,"2015-01-20 17:08:45"
2162881,"R. Keller",,unknown,,"Amanita rubescens",,Pers.,,,,,,,urn:uuid:fcdce745-f6eb-4b98-84ee-55a8c61351a2,"2015-01-20 17:10:10"
2165515,"H. D. Thiers; R. E. Tulloss",,"5 Feb. 1982; 10/19/91",,"Amanita smithiana",,Bas,,,,,,,urn:uuid:6ded9811-3afe-4226-a1ca-f2ceff77e7bc,"2015-01-20 17:19:48"
2165515,"R. Shervanick",,unknown,,"Amanita solitaria",,"(Bull.) Fr.",,,,,,,urn:uuid:ff6d24bc-593f-4ec7-931e-4a7080dc6ef1,"2015-01-20 17:19:48"
2160376,"H. D. Thiers",,"5 Mar 1987 [?]",,"Amanita magniverrucata",,"Thiers & Ammirati",,,,,,,urn:uuid:6c77f698-6e31-422a-bc27-ec0d5295f5f8,"2015-01-20 17:22:11"
2160376,"C. Calhoun",,unknown,,"Amanita solitaria",,"(Bull.) Fr.",,,,,,,urn:uuid:02bc3295-5483-4486-afa7-12d45a657408,"2015-01-20 17:22:11"
2165525,"H. D. Thiers",,"5 Feb. 1982",,"Amanita smithiana",,Bas,,,,,,,urn:uuid:16f40e4a-2087-4cee-9bcb-96e0008e2222,"2015-01-20 17:27:16"
2165525,"A. Wennekens",,unknown,,"Amanita silvicola",,Kauffman,,,,,,,urn:uuid:39b7df48-84b2-43e4-94d2-a09f0d74b571,"2015-01-20 17:27:16"
2084170,"C. Calhoun",,unknown,,"Agaricus rodmanii",,Peck,,,,,,,urn:uuid:d827343e-417a-4e8c-91fd-117518a629b8,"2015-01-21 19:23:36"
2425989,"A. H. Smith",,unknown,,"Lyophyllum montanum",,"A.H. Sm.",,,,,,,urn:uuid:c63aacd4-1931-438a-8c7c-d16744f99ada,"2015-01-30 13:09:11"
1450936,"B. Stein",,unknown,,"Boletus aereus",,Bull.,,,,,,,urn:uuid:df9fb37b-f59e-467d-8967-20be0cf1b1fa,"2015-01-30 13:31:07"
1448996,"D. E. Desjardin",,8/22/97,,"Chalciporus piperatus",,"(Bull.) Bataille",,,,,,,urn:uuid:b020128e-bd2e-4248-b68f-e0339052b602,"2015-02-17 12:03:30"
1448999,"D. E. Desjardin",,unknown,,"Chalciporus piperatus",,"(Bull.) Bataille",,,,,,,urn:uuid:c50204c6-9b08-4988-a663-d1c40fee0df9,"2015-02-17 12:04:30"
1449011,"D. E. Desjardin",,unknown,,"Chalciporus piperatus",,"(Bull.) Bataille",,,,,,,urn:uuid:c0ae68c4-6ff9-4752-b2b9-12d4214254f9,"2015-02-17 12:05:27"
2437103,"J. R. Blair",,unknown,,"Lyophyllum semitale",,,,,,,,,urn:uuid:22c3a462-0023-4935-bd82-cc45d03840cc,"2015-02-17 17:37:11"
1449418,"D. Arora",,unknown,,"Caloboletus marshii",,"D. Arora, C.F. Schwarz & J.L. Frank",,,,,"Index Fungorum no. 194",,urn:uuid:187ac06d-5c59-4825-b7c1-90f061aeba2f,"2015-02-20 10:48:10"
2024619,"D. Arora",,unknown,,"Butyriboletus abieticola",,"(Thiers) D. Arora & J. L. Frank",,,,,"D. Arora & J. L. Frank, 2014. Mycologia 106: 464-480.",,urn:uuid:2229843c-e4bd-4911-8a83-3901ede23a17,"2015-02-20 11:16:11"
2024569,"D. Arora",,unknown,,"Butyriboletus abieticola",,"(Thiers) D. Arora & J. L. Frank",,,,,"Arora & Frank, 2014. Mycologia 106: 464-480.",,urn:uuid:1df95c9b-f2ea-4229-bcd8-7469cbe131a4,"2015-02-20 13:56:19"
2024570,"D. Arora",,unknown,,"Butyriboletus abieticola",,"(Thiers) D. Arora & J. L. Frank",,,,,"Arora & Frank, 2014. Mycologia 106: 464-480.",,urn:uuid:51dfe691-2312-4c3c-ae6c-70c8ebaa989a,"2015-02-20 13:57:48"
2425993,"H. D. Thiers",,unknown,,"Lyophyllum montanum",,"A.H. Sm.",,,,,,,urn:uuid:914cafe8-adcb-462c-ab43-a34fad7540ef,"2015-02-24 11:47:49"
2263167,"D. L. Largent",,"11 August 1994",,"Entoloma subsaundersii",,Largent,,,,,"Entolomatoid Fungi of the Western United States and Canada p. 294",,urn:uuid:7bb4cbd3-58c1-4523-9a6f-2238dbdfffff,"2015-02-24 11:51:58"
2263167,unknown,,unknown,,"Rhodophyllus grayanus",,"(Peck) Singer",,,,,,,urn:uuid:84cd7ed4-2a05-45e0-979a-e9a92b0acd42,"2015-02-24 11:51:58"
1921466,unknown,,unknown,,"Gastroboletus turbinatus",,,,,,,,,urn:uuid:c8c6d1bc-bc97-497e-8a2a-15c11063d56b,"2015-02-24 13:49:48"
1921765,"J. Trappe",,"15 Feb. 1999",,"Gastroboletus vividus",,"Trappe & Castellano",,,,,Mycotaxon,Paratype,urn:uuid:8d535140-0562-416f-a0ec-63668e45c355,"2015-02-25 12:50:12"
1921765,"H. D. Thiers",,unknown,,"Gastroboletus turbinatus",,,,,,,,,urn:uuid:725120fc-fcc3-49c9-9c76-3dda09402a92,"2015-02-25 12:50:12"
1921510,"H. D. Thiers",,unknown,,"Gastroboletus turbinatus",,,,,,,,,urn:uuid:90be6c81-11ad-4c8c-8619-21e379f3a2ce,"2015-02-25 13:08:57"
1921507,"H. D. Thiers",,unknown,,"Gastroboletus turbinatus",,,,,,,,,urn:uuid:9e71318d-a32b-4ab9-bacf-fc180af3fe8c,"2015-02-25 13:10:25"
1921515,"H. D. Thiers",,unknown,?,"Gastroboletus turbinatus",,,,,,,,,urn:uuid:c1ad4c8c-a6aa-4408-83f2-74b6457c96eb,"2015-02-25 13:12:13"
2426027,"B. Tamm",,unknown,,"Lyophyllum montanum",,"A.H. Sm.",,,,,,,urn:uuid:95c8979a-c12c-4f25-bab1-a9a200c34e7c,"2015-02-25 17:46:18"
666965,"vellinga (SFSU herbarium)",,2014-00-00,,"Boletus regineus",,"Arora & Simonini",,,,,,,urn:uuid:8794f4c6-bce6-4391-960d-4a836ac5fced,"2015-03-03 11:19:58"
666965,unknown,,unknown,,"Boletus aureus",,Schaeff.,,,,,,,urn:uuid:56468a84-59d8-4d35-bb7e-a8bc2786ce04,"2015-03-03 11:19:58"
657417,"M. Sánchez-García",,2014,,"Corneriella bambusarum",,"(Dennis & Hemmes) Sánchez-García",,,,,"Taxon 63: 993–1007",,urn:uuid:9ea8279a-32e7-42f3-95a6-760d6067cc15,"2015-03-03 16:59:52"
657406,unknown,,unknown,,"Pachyphlodes austro-oregonensis",,"(J.L. Frank & Trappe) Doweld",,,,,"Index Fungorum31: 1. 2013",,urn:uuid:a503d724-04f4-4ce9-80bc-21d9435d259e,"2015-03-03 17:19:48"
2449230,"S. E. Carpenter",,unknown,,"Marasmius borealis",,Gilliam,,,,,,,urn:uuid:83c391b1-bf16-4ba5-ad32-ad70e1b96555,"2015-03-10 15:35:20"
2084162,Johnson,,unknown,,"Agaricus rodmani",,Peck,,,,,,,urn:uuid:ad325c14-4da7-4cb7-aaa0-00735f03ddbc,"2015-03-16 12:49:37"
2084221,"H. D. Thiers",,unknown,,"Agaricus rodmani",,Peck,,,,,,,urn:uuid:b2bf6dff-d919-4ac4-81d5-eb2fb76543ad,"2015-03-16 12:57:57"
2311934,"H. D. Thiers",,unknown,,"Mycena lilacifolia",,"(Peck) A.H. Sm.",,,,,,,urn:uuid:187e6ce3-2940-4b52-b407-95015d8f64da,"2015-03-17 13:40:14"
2311936,"H. D. Thiers",,unknown,,"Mycena lilacifolia",,"(Peck) A.H. Sm.",,,,,,,urn:uuid:629518ff-721d-4c19-8d4e-0fc1e3024aa3,"2015-03-17 14:14:14"
2311943,"H. D. Thiers",,unknown,,"Mycena lilacifolia",,"(Peck) A.H. Sm.",,,,,,,urn:uuid:68d98d31-97ab-4468-b79c-b728f4899cf6,"2015-03-17 14:14:55"
2311944,"H. D. Thiers",,unknown,,"Mycena lilacifolia",,"(Peck) A.H. Sm.",,,,,,,urn:uuid:f35715db-d2a1-4358-a1ff-365998a54f4c,"2015-03-17 14:16:40"
2311956,"H. D. Thiers",,unknown,,"Mycena lilacifolia",,"(Peck) A.H. Sm.",,,,,,,urn:uuid:8b0f4198-7a01-49d4-8501-3620404dead4,"2015-03-17 14:17:08"
2311958,"H. D. Thiers",,unknown,,"Mycena lilacifolia",,"(Peck) A.H. Sm.",,,,,,,urn:uuid:48022e9f-45a8-4587-9b06-6c26c5f92c16,"2015-03-17 14:17:52"
2311959,"H. D. Thiers",,unknown,,"Mycena lilacifolia",,"(Peck) A.H. Sm.",,,,,,,urn:uuid:75a01032-4d03-454a-93f6-0ba040e37e0b,"2015-03-17 14:18:28"
2311957,"H. D. Thiers",,unknown,,"Mycena lilacifolia",,"(Peck) A.H. Sm.",,,,,,,urn:uuid:a3bc44cc-400f-4ab8-865a-1df1da782d28,"2015-03-17 14:19:12"
2311966,"H. D. Thiers",,unknown,,"Mycena lilacifolia",,"(Peck) A.H. Sm.",,,,,,,urn:uuid:2ab53f7b-1ed1-47dc-9e82-c0f000ea7863,"2015-03-17 14:19:43"
2311969,"H. D. Thiers",,unknown,,"Mycena lilacifolia",,"(Peck) A.H. Sm.",,,,,,,urn:uuid:4c12da86-3b5c-4082-8879-65452e815f10,"2015-03-17 14:20:06"
2311975,"H. D. Thiers",,unknown,,"Mycena lilacifolia",,"(Peck) A.H. Sm.",,,,,,,urn:uuid:8161ad70-f58a-4254-8cd3-b5c39de17126,"2015-03-17 14:21:18"
2311935,"H. D. Thiers",,unknown,,"Mycena lilacifolia",,"(Peck) A.H. Sm.",,,,,,,urn:uuid:cdced523-9fe6-49a4-91aa-09e3931d814f,"2015-03-17 14:22:38"
2311924,"H. D. Thiers",,unknown,,"Mycena lilacifolia",,"(Peck) A.H. Sm.",,,,,,,urn:uuid:4432aabe-faa8-4967-bc94-32a20889ea08,"2015-03-17 14:35:07"
2311922,"H. D. Thiers",,unknown,,"Mycena lilacifolia",,"(Peck) A.H. Sm.",,,,,,,urn:uuid:06b433e0-ee65-46f8-b37f-36280a6eb6ad,"2015-03-17 14:36:28"
2311978,"H. D. Thiers",,unknown,,"Mycena lilacifolia",,"(Peck) A.H. Sm.",,,,,,,urn:uuid:9299b296-0231-48b2-aa2a-56ba386fd5af,"2015-03-17 14:37:00"
2311939,"H. D. Thiers",,unknown,,"Mycena lilacifolia",,"(Peck) A.H. Sm.",,,,,,,urn:uuid:fa0fb5a1-2f2d-40a1-bc58-bb25bbac9102,"2015-03-17 14:38:36"
2311926,"H. D. Thiers",,unknown,,"Mycena lilacifolia",,"(Peck) A.H. Sm.",,,,,,,urn:uuid:edd2b823-3392-485b-a1e2-b3726619e319,"2015-03-17 14:40:24"
2311960,"H. D. Thiers",,unknown,,"Mycena lilacifolia",,"(Peck) A.H. Sm.",,,,,,,urn:uuid:cabefe03-e65c-4100-85ef-a931dcf26e5f,"2015-03-17 14:40:50"
2311963,"H. D. Thiers",,unknown,,"Mycena lilacifolia",,"(Peck) A.H. Sm.",,,,,,,urn:uuid:d6fba328-e4e6-404e-b1be-c4106860e30d,"2015-03-17 14:41:19"
2311933,"H. D. Thiers",,unknown,,"Mycena lilacifolia",,"(Peck) A.H. Sm.",,,,,,,urn:uuid:37cd0bac-0f57-48fa-b07f-785776f42471,"2015-03-17 14:41:42"
2311964,"H. D. Thiers",,unknown,,"Mycena lilacifolia",,"(Peck) A.H. Sm.",,,,,,,urn:uuid:3a734e5f-6242-458f-9244-543a2f193d46,"2015-03-17 14:42:27"
2311918,"H. D. Thiers",,unknown,,"Mycena lilacifolia",,"(Peck) A.H. Sm.",,,,,,,urn:uuid:21d2887f-4cee-4340-88a1-cbf1d817bb68,"2015-03-17 14:42:52"
2311976,"H. D. Thiers",,unknown,,"Mycena lilacifolia",,"(Peck) A.H. Sm.",,,,,,,urn:uuid:bf017317-f87c-46c2-9e83-5d15630f8663,"2015-03-17 14:43:16"
2311919,"H. D. Thiers",,unknown,,"Mycena lilacifolia",,"(Peck) A.H. Sm.",,,,,,,urn:uuid:bd08bf22-0198-4eec-a998-c84498f694a2,"2015-03-17 14:44:12"
2311974,"H. D. Thiers",,unknown,,"Mycena lilacifolia",,"(Peck) A.H. Sm.",,,,,,,urn:uuid:d19153bc-005f-4250-a121-33bfbc61e811,"2015-03-17 14:44:34"
2311965,"H. D. Thiers",,unknown,,"Mycena lilacifolia",,"(Peck) A.H. Sm.",,,,,,,urn:uuid:aeece0bf-129e-4777-8779-88aefb350e64,"2015-03-17 14:44:55"
2311921,"H. D. Thiers",,unknown,,"Mycena lilacifolia",,"(Peck) A.H. Sm.",,,,,,,urn:uuid:f816b9c8-3157-4e8a-853b-41682702bb1a,"2015-03-17 14:45:47"
2311910,"H. D. Thiers",,unknown,,"Mycena lilacifolia",,"(Peck) A.H. Sm.",,,,,,,urn:uuid:3133145f-2999-4456-81ee-ea46b99c4961,"2015-03-17 14:46:13"
2311916,"H. D. Thiers",,unknown,,"Mycena lilacifolia",,"(Peck) A.H. Sm.",,,,,,,urn:uuid:861ac5a8-78c7-47f5-b6c8-b3d7d6e01fe5,"2015-03-17 14:46:38"
2311941,"H. D. Thiers",,unknown,,"Mycena lilacifolia",,"(Peck) A.H. Sm.",,,,,,,urn:uuid:f4c80fd0-31de-4c1e-a6ec-85c37d1c3314,"2015-03-17 14:47:01"
2311946,"H. D. Thiers",,unknown,,"Mycena lilacifolia",,"(Peck) A.H. Sm.",,,,,,,urn:uuid:a2805688-dcbd-4d25-a0b7-a354f43d286e,"2015-03-17 14:47:57"
2311955,"H. D. Thiers",,unknown,,"Mycena lilacifolia",,"(Peck) A.H. Sm.",,,,,,,urn:uuid:881416a6-211f-4f36-9f7d-e5dd36560e2f,"2015-03-17 14:48:19"
2311940,"H. D. Thiers",,unknown,,"Mycena lilacifolia",,"(Peck) A.H. Sm.",,,,,,,urn:uuid:7bc9cf30-6fa8-49d0-ac93-0832fcab1f3c,"2015-03-17 14:48:43"
2311971,"H. D. Thiers",,unknown,,"Mycena lilacifolia",,"(Peck) A.H. Sm.",,,,,,,urn:uuid:79df0e57-14ce-4a87-b4c7-117f98fb1364,"2015-03-17 14:49:04"
2311912,"H. D. Thiers",,unknown,,"Mycena lilacifolia",,"(Peck) A.H. Sm.",,,,,,,urn:uuid:483373b3-34cb-46b9-9aaf-0af5bf9d330f,"2015-03-17 14:49:25"
2311961,"H. D. Thiers",,unknown,,"Mycena lilacifolia",,"(Peck) A.H. Sm.",,,,,,,urn:uuid:dfbf6e18-747e-4d76-9fa0-26fc56a27e26,"2015-03-17 14:49:55"
2311942,"H. D. Thiers",,unknown,,"Mycena lilacifolia",,"(Peck) A.H. Sm.",,,,,,,urn:uuid:640c3dae-5537-44e9-a4cd-6a980bd8126d,"2015-03-17 14:50:23"
2311970,"H. D. Thiers",,unknown,,"Mycena lilacifolia",,"(Peck) A.H. Sm.",,,,,,,urn:uuid:c5493e8f-ef0d-40f7-be74-10ed307b8968,"2015-03-17 14:50:46"
2311913,"D. E. Desjardin",,unknown,,"Mycena lilacifolia",,"(Peck) A.H. Sm.",,,,,,,urn:uuid:f213c133-91d9-4fea-b4bb-016aacedf47b,"2015-03-17 14:58:55"
2311980,"D. E. Desjardin",,unknown,,"Mycena lilacifolia",,"(Peck) A.H. Sm.",,,,,,,urn:uuid:8c05c056-486a-4061-9189-17e1e70ab209,"2015-03-17 15:00:30"
2311962,"D. E. Desjardin",,unknown,,"Mycena lilacifolia",,"(Peck) A.H. Sm.",,,,,,,urn:uuid:01f8ef9d-751e-4afe-af97-7479c973c39a,"2015-03-17 15:00:57"
2311931,"D. Largent",,unknown,,"Mycena lilacifolia",,"(Peck) A.H. Sm.",,,,,,,urn:uuid:1ad866af-115a-4211-8f5e-6dc98fd17e8b,"2015-03-17 15:02:09"
2311945,"H. D. Thiers",,unknown,,"Mycena lilacifolia",,"(Peck) A.H. Sm.",,,,,,,urn:uuid:84df2056-d7cc-4c8f-b497-e49ee7500597,"2015-03-17 15:03:16"
2311967,"H. D. Thiers",,unknown,,"Mycena lilacifolia",,"(Peck) A.H. Sm.",,,,,,,urn:uuid:5f92ee26-8729-4b71-bef4-959985f3efd8,"2015-03-17 15:04:31"
2311954,"H. D. Thiers",,unknown,,"Mycena lilacifolia",,"(Peck) A.H. Sm.",,,,,,,urn:uuid:c70f2a8a-e932-40ea-9bce-4e319196d05c,"2015-03-17 15:05:31"
2311909,"H. D. Thiers",,unknown,,"Mycena lilacifolia",,"(Peck) A.H. Sm.",,,,,,,urn:uuid:625d05a6-40b7-4b9f-8007-649c755f3952,"2015-03-17 15:06:14"
2311915,"H. D. Thiers",,unknown,,"Mycena lilacifolia",,"(Peck) A.H. Sm.",,,,,,,urn:uuid:73bf8303-a02b-4040-a185-3763a679b466,"2015-03-17 15:07:00"
2311973,"H. D. Thiers",,unknown,,"Mycena lilacifolia",,"(Peck) A.H. Sm.",,,,,,,urn:uuid:6104add6-c0f1-4fe5-9d2c-e840105df20a,"2015-03-17 15:07:41"
2311928,"H. D. Thiers",,unknown,,"Mycena lilacifolia",,"(Peck) A.H. Sm.",,,,,,,urn:uuid:057a9f9f-2636-4bdc-a4ab-86244415685c,"2015-03-17 15:17:49"
2425998,"R. Halling",,unknown,,"Lyophyllum montanum",,"A.H. Sm.",,,,,,,urn:uuid:6e7cde3e-656c-4808-a505-e4dc4d404022,"2015-03-22 17:25:24"
657444,"Buyck et al.",,2008,,"Multifurca zonaria",,"(Buyck & Desjardin) Buyck & V. Hofstetter",,,,,,,urn:uuid:fea4ab0e-eaac-4ed3-86c1-59d33459db2e,"2015-03-26 14:55:55"
2180139,"R. Halling",,unknown,,"Panaeolus solidipes",,"(Peck) Sacc.",,,,,,,urn:uuid:4c58211b-59ab-4f1c-9398-5b5c52a5193c,"2015-03-30 19:20:40"
1449433,"M. Seidl",,unknown,,"Xanthoconium purpureum",,"Snell & E.A. Dick",,,,,,,urn:uuid:bf866c3c-5fab-4978-a1b1-76937155cf72,"2015-04-14 11:31:16"
2466462,"D. E. Desjardin",,"21 Sept. 1983",,"Marasmius pallidocephalus",,Gilliam,,,,,,"Cheilocystidia absent. NO broom cells on lamellar edge. Stipe cortical hyphae spirally and granular incrusted.",urn:uuid:2c93a955-3017-46f1-b376-766152d49814,"2015-04-14 11:41:21"
2466462,"J. W. Groves",,unknown,,"Marasmius androsaceus",,"(L.) Fr.",,,,,,,urn:uuid:484787df-33ab-4699-923c-763d22f41a5a,"2015-04-14 11:41:21"
2466463,"J. W. Groves",,unknown,,"Marasmius androsaceus",,"(L.) Fr.",,,,,,,urn:uuid:127cc91f-a450-4cb5-b22d-2ae21a75dde6,"2015-04-14 13:45:27"
2476642,"A. H. Smith",,Unknown,,"Marasmius elongatipes",,Peck,,,,,,,urn:uuid:da787c97-490d-4e9c-ae3e-96df896b0137,"2015-05-04 19:11:55"
2487230,"H. D. Thiers",,unknown,,"Marasmius foetidus",,"(Sowerby) Fr.",,,,,,,urn:uuid:e64a8f0c-7769-4c55-889d-3e7b2cc05bd7,"2015-05-18 12:39:57"
2262929,"D. L. Largent",,unknown,,"Rhodophyllus madidus",,"(Fr.) Quél.",,,,,,,urn:uuid:809ae20c-b8ef-482b-a348-3b418834474d,"2015-05-27 12:23:30"
